Nome;Name;Descrizione breve;Short description;url;Citta;Indirizzo - Address;Numero civico - Street number;latitude;longitude;Prezzo;Price;Gratuito;For free;Accessibilitaﾠ ai disabili;Accessibility for the disabled;Tipo di gestione;Management of the museum;Bookshop;Audioguida;Guida cartacea;Punto di ristoro;Attivitaﾠ espositive temporanee;Visite guidate;Attivitaﾠ e percorsi per bambini;E-mail;Servizio di prenotazione;Telefono;Phone number;Orario;Opening times;Come arrivare;How to get there;Url di approfondimento;Firenze Card;Patrimonio UNESCO
Arte nel Chianti;Art in the Chianti;Arte nel Chianti;Art in the Chianti;www.artenelchianti.it;Montespertoli;Via Ripa;44;43.667936;11.125563;Ingresso libero.;Free entrance;true;false;Accessibile;Fully accessible;Altri musei;Other museums;false;false;false;false;false;true;false;artenelchianti@gmail.com;false;+39 3384680826;+39 3384680826;"Feriale: da lun a dom dall'alba al tramonto; visite guidate su prenotazione.
Festivo: Dall'alba al tramonto; visite guidate su prenotazione.";"Weekday timetable: from Mon to Sun from sunrise to sunset; guided visits by appointment only.Holiday timetable: From sunrise to sunset; guided visits by appointment only.";;;;;
Giardino delle Rose;Rose Garden;Meraviglioso giardino, con  affacci mozzafiato sulla citta'ﾠ, a due passi da piazzale Michelangelo.;Wonderful garden, with a breathtaking panorama over Florence, not far away from Piazzale Michelangelo.;http://verdeonweb.comune.fi.it;Firenze;viale Giuseppe Poggi;2;43.763413;11.263824;Ingresso gratuito;Free entrance;true;;Limitata;Partly accessible;;;false;false;false;false;false;false;false;direz.ambiente@comune.fi.it;false;+39 055 2342426;+39 055 2342426;"Maggio-settembre 9-19; 
ottobre-febbraio 9-17; 
marzo e aprile 9-18.";"May-September 9am-7pm;
October-February 9am-5pm;
March and April 9am-6pm.";Autobus ATAF 12 o 13  fino a Piazzale Michelangelo.;ATAF bus 12 or 13 to Piazzale Michelangelo.;http://www.firenzeturismo.it/it/news-eventi/1694-folon-e-il-giardino-delle-rose.html;false;false
Parco d'arte Pazzagli;Pazzagli Art Park;Parco d'arte Pazzagli;Pazzagli Art Park;www.pazzagli.com;Firenze;VIA SANT'ANDREA A ROVEZZANO;5;43.768313;11.323605;ingresso libero;free entrance;true;;Accessibile;Fully accessible;Altri musei;;false;false;false;false;false;false;false;info@pazzagli.com;false;"+39 055 69114
+39 3483300352";+39 055 69114;"marzo, aprile, maggio, settembre, ottobre 15-18; giugno, luglio, agosto 16-19";"March, April, May, September, October 15-18; June, July, August 16-19";Autobus ATAF 14A fermata Aretina 11;ATAF bus 14A stop Aretina 11;;false;false
