Nome;Name;Descrizione breve;Short description;url;Citta;Indirizzo - Address;Numero civico - Street number;latitude;longitude;Prezzo;Price;Gratuito;For free;Accessibilitaﾠai disabili;Accessibility for the disabled;Tipo di gestione;Management of the museum;Bookshop;Audioguida;Guida cartacea;Punto di ristoro;Attivitaﾠespositive temporanee;Visite guidate;Attivitaﾠe percorsi per bambini;E-mail;Servizio di prenotazione;Come arrivare;How to get there;Telefono;Phone number;Orario;Opening times;Firenze Card;Patrimonio UNESCO;Dettagli_accessibilita;Details about accessibility;Da sapere
Biblioteca Medicea Laurenziana;Laurentian Library;Biblioteca Medicea Laurenziana;Laurentian Library;http://www.bmlonline.it/;Firenze;Piazza San Lorenzo;9;43.774804;11.254935;"ﾀ 3,00;
ﾀ 7,50 biglietto cumulativo con la Basilica di San Lorenzo e il Museo del Tesoro (valido per il giorno dell'emissione).";"ﾀ 3,00;
ﾀ 7,50 combined ticket with the Basilica di San Lorenzo and the Museo del Tesoro (valid for the day of the issue only).";false;false;Nessuna;No accessibility;Altri musei;Other museums;true;false;true;false;true;false;false;b-mela.mostre@beniculturali.it;false;Centro storico;Historical centre;"+39 055 2937911
+ 39 055 290184 (biglietteria)";"+39 055 2937911
+ 39 055 290184 (ticket office)";"Aperta al pubblico SOLO in occasione di esposizioni bibliografiche.
Dal 18 marzo al 23 giugno 2016:
lunedi'-venerdi': 9:30-13:30.
Chiusa: sabato, domenica e festivi.";"Open to the public ONLY when there are exhibitions.
From March 18 to June 23, 2016:
Monday-Friday: 9:30am-1:30pm.
Closed: Saturday, Sunday & holidays.";true;false;"Il chiostro e' accessibile per mezzo di rampa dedicata. Il settore monumentale, al secondo piano del chiostro,ﾠnon e' accessibile a persone con difficolta'ﾠ motorie. La Biblioteca per la consultazione al primo piano del chiostroﾠe' accessibile previo accordo telefonico per l''utilizzo della sedia montascale (055 2937948; b-mela.urp@beniculturali.it).";"The cloister is accessible thanks to a ramp. The monument area, at the second floor, is not accessible to people in wheelchairs. 
The Library is accessible for consulting books subject to authorisation by phone for use of the stair lift (055 2937948; b-mela.urp@beniculturali.it).";
Osservatorio Ximeniano;Osservatorio Ximeniano;Un luogo della scienza da 250 anni;;www.ximeniano-firenze.it;Firenze;PIAZZA DI SAN LORENZO;6;43.774699;11.254998;;;false;;;;Altri musei;;false;false;false;false;false;true;false;osservatorioximeniano@gmail.com;true;;;"+39 055210420
martedi', mercoledi' e venerdi' 9.30-12.30";;;;false;false;;;"Le visite sono solo su prenotazione, possono essere presenti al max 30 partecipanti; la visita dura 1h 20 min."
