Nome;Name;Descrizione breve;Short description;url;Citta;Indirizzo - Address;Numero civico - Street number;latitude;longitude;Prezzo;Price;Gratuito;For free;Accessibilitaﾠ ai disabili;Accessibility for the disabled;Tipo di gestione;Management of the museum;Bookshop;Audioguida;Guida cartacea;Punto di ristoro;Attivita espositive temporanee;Visite guidate;Attivitaﾠ e percorsi per bambini;Servizio di prenotazione;Come arrivare;How to get there;Telefono;Phone number;Orario;Opening times;Firenze Card;Patrimonio UNESCO;Dettagli sull'accessibilita;Details about accessibility;Note ad uso ufficio;Url di approfondimento;E-mail
Crocifissione del Perugino;Crucifixion of Perugino;Crocifissione del Perugino;Crucifixion of Perugino;http://www.polomusealetoscana.beniculturali.it/index.php?it/184/sala-del-perugino-firenze;Firenze;VIA DELLA COLONNA;9;43.774517;11.265058;Ingresso gratuito;Free entrance;true;false;Accessibile;Fully accessible;Musei statali;State museums;false;false;false;false;false;false;false;false;Bus ATAF  6; 14;Bus ATAF 6;  14;+39 055 288803;+39 055 288803;"Martedi' e giovedi' 14:30-17:30
nei giorni di apertura scolastica.
Chiuso in luglio e agosto.
Accesso da Via della Colonna 9, ingresso principale del Liceo Michelangiolo. La visita e' possibile nei giorni stabiliti ove non coincidano con le festivita'ﾠ scolastiche e i periodi di chiusura della scuola.";"Tuesday and Thursday 2:30pm-5:30pm during the school term.
Closed in July and August.
Entrance from Via della Colonna 9, the main entrance of the Liceo Michelangiolo secondary school. Visits can be made on the days and times specified, except for school holidays or other periods when the school is closed.";false;false;"L'entrata e' presso il Liceo Michelangelo. Marciapiede non raccordato. Accessibile con accompagnatore dal portoncino a sinistra dell'ingresso principale (e' segnalato). L'accompagnatore si deve recare dai custodi all'ingresso principale del Liceo Michelangelo per farsi aprire il portoncino. 
Il percorso presenta uno scivolo d'ingresso e varie pedane che permettono di superare i gradini, fino ad accedere alla sala capitolare che ospita la Crocefissione.";"You need to be accompanied: the sidewalk does not join the street level; the helper has to ask the attendant to open the side entrance of the Liceo Michelangelo. Inside there is a series of footboards.";
Cenacolo di Ognissanti o del Ghirlandaio;Cenacolo of Ognissanti or of Ghirlandaio;Cenacolo di Ognissanti o del Ghirlandaio;Cenacolo of Ognissanti or of Ghirlandaio;http://www.polomusealetoscana.beniculturali.it/index.php?it/178/cenacolo-di-ognissanti-firenze;Firenze;Borgo Ognissanti;42;43.772364;11.245837;Ingresso gratuito;Free entrance;true;true;Limitata;No accessibility;Musei statali;State museums;false;false;true;false;true;true;false;false;Centro storico;Historical centre;+39 055 294883;+39 055 294883;"Chiuso fino a data da destinarsi.
Aperto solitamente: lunedi', martedi' e sabato 9-12.
Chiusura annuale: Capodanno, 1ﾰ maggio, Natale.";"Temporarily closed.
Usually open: Monday, Tuesday and Saturday 9am-12pm.
Annual closing: January 1, May 1, Christmas Day.";true;false;"Marciapiede non raccordato, ma abbassato a cm 5. L'interno ha un percorso tutto accessibile; c'e' un dislivello tra l'ingresso e la sala principale superabile tramite pedana.";The sidewalk does not join the street level but it has been lowered to 5 cm/2 in. The museum inside is totally accessible thanks to a footboard.;"Direttore Cristina Gnoni Mavarelli
Tel. +39 334 3002954 cellulare privato / DA NON DARE A NESSUNO
cristina.gnoni@beniculturali.it

il 31.3.16 ho chiamato il Direttore del Cenacolo del Fuligno, Sig. Marco Mozzo che mi ha spiegato che il cenacolo del Fuligno, cosi' come quello di Ognissanti, SONO CHIUSI percha'ﾩ non hanno personale sufficiente per garantire l'apertura degli stessi. Stanno cercando di capire come riorganizzarsi, forse verranno riaperti nel 2017.";;
Cenacolo di Sant'Apollonia;Cenacolo of Sant'Apollonia;Cenacolo di Sant'Apollonia;Cenacolo of Sant'Apollonia;http://www.polomusealetoscana.beniculturali.it/index.php?it/179/cenacolo-di-santapollonia-firenze;Firenze;Via XXVII Aprile;1;43.778623;11.256608;Ingresso libero;Free entrance;true;true;Limitata;Partly accessible;Musei statali;State museums;false;false;true;false;false;true;false;false;Centro storico;Historical centre;+39 055 2388607;+39 055 2388607;"Lunedi'-domenica 8:15-13:50.
Chiuso: 1ﾰ, 3ﾰ e 5ﾰ domenica del mese; 2ﾰ e 4ﾰ lunedi' del mese; Capodanno, 1ﾰ maggio, Natale.";"Monday-Sunday 8:15am-1:50pm.
Closed: on the 1st, 3rd and 5th Sunday of the month and on the 2nd and 4th Monday of the month; January 1, May 1 and Christmas Day.";true;false;"Marciapiede raccordato; gradino di cm 7 al portone di ingresso (campanello di chiamata) superabile con accompagnatore; porta a spinta (un po' pesante). Interno accessibile, i gradini sono sormontati da una pedana fissa; presenza di bagno adeguato.";Sidewalk is accessible for people in wheelchairs. It is advisable to be accompanied: rise of 7 cm/2;7 in at the entrance (ring the bell); doors have to be pushed and are a bit heavy. The interior is accessible. Equipped toilets are available.;
Cenacolo e Museo di Andrea del Sarto a San Salvi;Cenacolo and Museum of Andrea del Sarto;Cenacolo e Museo di Andrea del Sarto a San Salvi;Cenacolo and Museum of Andrea del Sarto;http://www.polomusealetoscana.beniculturali.it/index.php?it/177/cenacolo-di-andrea-del-sarto-firenze;Firenze;Via di San Salvi;16;43.771140;11.285748;Ingresso libero;Free entrance;true;true;Limitata;Partly accessible;Musei statali;State museums;false;false;false;false;false;false;false;false;Autobus ATAF nr. 6 o 20;ATAF bus nr. 6 or 20;+39 055 2388603;+39 055 2388603;"Martedi'-domenica 8:15-13:50.
Chiuso: lunedi', 1ﾰ gennaio, 1ﾰ maggio, Natale.";"Tuesday-Sunday 8:15am-1:50pm.
Closed: Monday, January 1, May 1, Christmas Day.";true;false;Marciapiede raccordato. L'accesso al museo e' possibile solo per le persone su sedia a ruote manuale mediante montascale. Presente bagno adeguato. Il museo accoglie le riproduzioni in rilievo di sei capolavori pittorici (destinati all'esplorazione tattile dei non vedenti); tutti della Galleria degli Uffizi.;"Sidewalk connected to the street level. Stair lifts and equipped toilets are available. 
The museum hosts six reproductions in relief of famous works of art displayed at the Uffizi Gallery for the fruition of blind people.";;http://www.firenzeturismo.it/en/informazioni-utili-2/itinerariafirenze-2/luoghi-che-non-ti-aspetti-2/2402-refectory-san-salvi-andrea-del-sarto.html
Cenacolo di Fuligno;Cenacolo of Fuligno;Cenacolo di Fuligno;Cenacolo of Fuligno;http://www.polomusealetoscana.beniculturali.it/index.php?it/146/istituti-e-luoghi-della-cultura;Firenze;Via Faenza;42;43.777128;11.251434;Ingresso gratuito;Free entrance;true;true;Nessuna;No accessibility;Musei statali;State museums;false;false;false;false;false;false;false;false;Centro storico;Historical centre;+39 055 286982;+39 055 286982;"Chiuso fino a data da destinarsi.
Normalmente aperto:
martedi', giovedi' e sabato 9-13.
Chiusura annuale: Capodanno, 1ﾰ maggio e Natale.";"Temporarily closed.
Usually open:
Tuesday, Thursday and Saturday 9am-1pm.
Annual closing: January 1, May 1, Christmas Day.";true;false;Marciapiede non raccordato. Presenza di due gradini che rendono inaccessibile il Cenacolo a persone su sedia a ruote se non con accompagnatore. Presenza di un gradino all'interno del Refettorio; da superare con accompagnatore per accedere all'ultima sala. E' presente un bagno a norma per disabili.;You need to be accompanied: the sidewalk does not join the street level; there are two steps to access the Refectory Hall and another step inside. Toilets are equipped for people in wheelchairs.;
Cenacolo della Calza;Cenacolo of the Calza;Cenacolo della Calza;Cenacolo of the Calza;www.calza.it;Firenze;Convitto della Calza; Piazza della Calza;6;43.760986;11.241956;;;true;true;Accessibile;Fully accessible;Altri musei;Other museums;false;false;false;false;false;false;false;false;Autobus ATAF nr. 36 o 37;ATAF bus nr. 36 or 37;+39 055 222287;+39 055 222287;Visite solo su prenotazione;Visits by appointment only;;;;;;
